vx_target [m/s],vy_target [m/s],opt_score [-],opt_wheelspeed [rad/s],opt_steering_angle [rad],opt_yawrate [rad/s]
0.250000,0.000000,0.000000,8.000000,-0.000000,0.000000
0.500000,0.000000,0.000001,16.000000,-0.000000,0.000000
0.750000,0.000000,0.000004,24.000000,-0.000000,0.000000
1.000000,0.000000,0.000012,32.000000,-0.000000,0.000000
1.250000,0.000000,0.000030,40.000000,-0.000000,0.000000
1.500000,0.000000,0.000062,48.000000,-0.000000,0.000000
1.750000,0.000000,0.000115,56.000000,-0.000000,0.000000
2.000000,0.000000,0.000196,64.000000,-0.000000,0.000000
2.250000,0.000000,0.000314,72.000000,-0.000000,0.000000
2.500000,0.000000,0.000479,80.000000,-0.000000,0.000000
2.750000,0.000000,0.000701,88.000000,-0.000000,0.000000
3.000000,0.000000,0.000992,96.000000,-0.000000,0.000000
3.250000,0.000000,0.001367,104.000000,-0.000000,0.000000
3.500000,0.000000,0.001839,112.000000,-0.000000,0.000000
3.750000,0.000000,0.002423,120.000000,-0.000000,0.000000
4.000000,0.000000,0.003137,128.000000,-0.000000,0.000000
4.250000,0.000000,0.003998,136.000000,-0.000000,0.000000
4.500000,0.000000,0.005025,144.000000,-0.000000,0.000000
4.750000,0.000000,0.006238,152.000000,-0.000000,0.000000
5.000000,0.000000,0.007658,160.000000,-0.000000,0.000000
5.250000,0.000000,0.009309,168.000000,-0.000000,0.000000
5.500000,0.000000,0.011212,176.000000,-0.000000,0.000000
5.750000,0.000000,0.000049,184.057483,-0.000027,-0.000425
6.000000,0.000000,0.000028,192.063128,-0.000021,-0.000348
6.250000,0.000000,0.000025,200.069174,-0.000020,-0.000352
6.500000,0.000000,0.000023,208.075717,-0.000020,-0.000365
6.750000,0.000000,0.000056,216.084666,-0.000020,-0.000379
7.000000,0.000000,0.000019,224.090049,-0.000020,-0.000392
7.250000,0.000000,0.000013,232.097866,-0.000018,-0.000355
7.500000,0.000000,0.000012,240.106202,-0.000018,-0.000366
7.750000,0.000000,0.000009,248.115014,-0.000016,-0.000352
8.000000,0.000000,0.000022,256.124448,-0.000027,-0.000593
8.250000,0.000000,0.000019,264.134341,-0.000027,-0.000612
8.500000,0.000000,0.000025,272.144846,-0.000033,-0.000778
8.750000,0.000000,0.000023,280.155905,-0.000034,-0.000824
9.000000,0.000000,0.000018,288.167558,-0.000033,-0.000822
9.250000,0.000000,0.000009,296.179810,-0.000027,-0.000688
9.500000,0.000000,0.000004,304.192710,-0.000021,-0.000542
9.750000,0.000000,0.000618,312.218384,-0.000068,-0.001829
10.000000,0.000000,0.000069,320.223984,-0.000064,-0.001758
0.250000,0.100000,0.052114,25.481481,0.122366,-0.003390
0.500000,0.100000,0.178663,38.343756,1.205151,-2.243042
0.750000,0.100000,0.000703,105.958848,1.124768,-4.809861
1.000000,0.100000,0.062170,55.020165,1.221730,-4.606510
1.250000,0.100000,2.993244,63.343370,-0.523599,-4.592622
1.500000,0.100000,0.666535,69.514435,-0.469477,-5.000000
1.750000,0.100000,0.101872,75.932122,-0.381189,-5.000000
2.000000,0.100000,0.005601,82.015200,-0.300944,-4.794239
2.250000,0.100000,0.000001,88.288426,-0.228367,-4.461744
2.500000,0.100000,0.004790,94.718302,-0.174215,-4.099544
2.750000,0.100000,0.003034,104.050362,-0.397485,-3.422374
3.000000,0.100000,0.000708,109.568686,-0.217536,-3.452840
3.250000,0.100000,0.008858,115.955418,-0.116067,-3.308615
3.500000,0.100000,0.021234,123.942886,-0.152963,-3.048606
3.750000,0.100000,0.045288,131.483544,-0.142493,-2.861550
4.000000,0.100000,0.068722,138.769751,-0.107739,-2.720969
4.250000,0.100000,0.093880,146.351779,-0.093259,-2.578035
4.500000,0.100000,0.112203,154.224795,-0.100203,-2.433259
4.750000,0.100000,0.128779,162.097909,-0.103535,-2.306274
5.000000,0.100000,0.145337,170.164706,-0.118599,-2.180808
5.250000,0.100000,0.173567,178.672941,-0.162167,-2.038140
5.500000,0.100000,0.196781,187.181176,-0.202832,-1.907637
5.750000,0.100000,0.211318,195.689412,-0.240545,-1.789971
6.000000,0.100000,0.142681,201.270212,-0.082349,-1.851264
6.250000,0.100000,0.134673,209.075630,-0.073580,-1.784591
6.500000,0.100000,0.132951,217.438655,-0.099141,-1.700715
6.750000,0.100000,0.133436,225.801681,-0.122166,-1.622614
7.000000,0.100000,0.132891,234.164706,-0.143279,-1.550458
7.250000,0.100000,0.130524,242.527731,-0.162740,-1.483917
7.500000,0.100000,0.126322,250.890756,-0.180701,-1.422541
7.750000,0.100000,0.120548,259.253782,-0.197272,-1.365857
8.000000,0.100000,0.113538,267.616807,-0.212558,-1.313441
8.250000,0.100000,0.105625,275.979832,-0.226646,-1.264863
8.500000,0.100000,0.097105,284.342857,-0.239642,-1.219743
8.750000,0.100000,0.088229,292.705882,-0.251621,-1.177757
9.000000,0.100000,0.079207,301.068908,-0.262677,-1.138595
9.250000,0.100000,0.070210,309.431933,-0.272885,-1.101999
9.500000,0.100000,0.061382,317.794958,-0.282318,-1.067715
9.750000,0.100000,0.052841,326.157983,-0.291045,-1.035554
10.000000,0.100000,0.044687,334.521008,-0.299128,-1.005311
0.250000,0.200000,0.153719,21.193424,0.246848,-0.000000
0.500000,0.200000,0.430389,41.100731,1.193230,-2.915696
0.750000,0.200000,0.003470,56.992391,1.177517,-4.788305
1.000000,0.200000,3.470875,115.653863,-0.523599,-4.312821
1.250000,0.200000,1.165588,66.902694,-0.475701,-5.000000
1.500000,0.200000,0.579533,71.602091,-0.336280,-5.000000
1.750000,0.200000,0.035408,77.677362,-0.247021,-5.000000
2.000000,0.200000,0.001000,83.621399,-0.157694,-4.712315
2.250000,0.200000,0.000000,89.774530,-0.090288,-4.327125
2.500000,0.200000,0.000000,96.563242,-0.044785,-3.981678
2.750000,0.200000,0.001672,103.501717,-0.013999,-3.703704
3.000000,0.200000,0.031009,111.012346,0.015083,-3.415638
3.250000,0.200000,0.024648,118.217722,0.031753,-3.202986
3.500000,0.200000,0.000000,125.197409,0.040650,-3.012624
3.750000,0.200000,0.000602,132.795949,0.052752,-2.833854
4.000000,0.200000,0.000040,140.353042,0.060635,-2.676450
4.250000,0.200000,0.075348,159.094568,-0.508140,-1.950837
4.500000,0.200000,0.071610,167.950770,-0.523599,-1.824128
4.750000,0.200000,0.069441,171.751971,-0.337272,-1.945854
5.000000,0.200000,0.069292,180.738705,-0.364383,-1.821892
5.250000,0.200000,0.000000,179.483544,0.094325,-2.075337
5.500000,0.200000,0.073022,201.006559,-0.485293,-1.537706
5.750000,0.200000,0.075896,209.899755,-0.494751,-1.462175
6.000000,0.200000,0.079379,219.019629,-0.509214,-1.387972
6.250000,0.200000,0.083701,228.195734,-0.523599,-1.316872
6.500000,0.200000,0.066437,220.147356,0.124416,-1.639232
6.750000,0.200000,0.009704,227.840298,0.122819,-1.604938
7.000000,0.200000,0.000697,235.761622,0.123012,-1.566199
7.250000,0.200000,0.039891,244.600141,0.132396,-1.481481
7.500000,0.200000,0.061159,253.113177,0.136386,-1.433471
7.750000,0.200000,0.038122,261.068327,0.137184,-1.391145
8.000000,0.200000,0.043711,269.355729,0.139578,-1.345175
8.250000,0.200000,0.000827,276.453589,0.134775,-1.321403
8.500000,0.200000,0.067674,286.123379,0.144367,-1.258677
8.750000,0.200000,0.089395,294.622939,0.146761,-1.217654
9.000000,0.200000,0.000000,301.241618,0.141102,-1.207974
9.250000,0.200000,0.076487,311.101554,0.149155,-1.150963
9.500000,0.200000,0.012402,317.860921,0.144367,-1.152263
9.750000,0.200000,0.084719,327.800766,0.151549,-1.099680
10.000000,0.200000,0.000669,334.521008,0.147667,-1.079970
0.250000,0.300000,0.301385,19.384350,0.362000,-0.000000
0.500000,0.300000,0.650640,49.002292,1.118102,-4.402017
0.750000,0.300000,0.212647,60.035334,1.219759,-4.963802
1.000000,0.300000,1.287254,127.096090,-0.523599,-4.847102
1.250000,0.300000,1.134906,69.805796,-0.331970,-5.000000
1.500000,0.300000,0.384497,73.570038,-0.195756,-5.000000
1.750000,0.300000,0.043093,79.073926,-0.096882,-4.835949
2.000000,0.300000,0.000990,85.435757,-0.027080,-4.527638
2.250000,0.300000,0.008850,92.289023,0.029448,-4.074074
2.500000,0.300000,0.000000,99.805767,0.066514,-3.773746
2.750000,0.300000,0.000000,106.773481,0.096239,-3.495896
3.000000,0.300000,0.000000,114.007788,0.118947,-3.251234
3.250000,0.300000,0.000209,121.516233,0.137465,-3.033301
3.500000,0.300000,0.001512,129.207133,0.153145,-2.832374
3.750000,0.300000,0.000004,136.811909,0.164556,-2.671140
4.000000,0.300000,0.002120,144.563329,0.174008,-2.530864
4.250000,0.300000,0.000000,152.593903,0.183950,-2.379125
4.500000,0.300000,0.000000,160.611648,0.191663,-2.253879
4.750000,0.300000,0.000000,168.694061,0.198358,-2.140201
5.000000,0.300000,0.001549,177.061266,0.205084,-2.032333
5.250000,0.300000,0.000000,185.022445,0.209379,-1.941873
5.500000,0.300000,0.000000,193.254786,0.213946,-1.854986
5.750000,0.300000,0.000160,201.608101,0.218276,-1.773800
6.000000,0.300000,0.006322,210.373671,0.223217,-1.693484
6.250000,0.300000,0.004846,217.718230,0.223373,-1.642028
6.500000,0.300000,0.000980,226.403292,0.227369,-1.575231
6.750000,0.300000,0.001393,234.666667,0.229758,-1.515196
7.000000,0.300000,0.000000,243.354226,0.232944,-1.455924
7.250000,0.300000,0.000005,251.816442,0.235194,-1.404447
7.500000,0.300000,0.003169,260.740741,0.238152,-1.351737
7.750000,0.300000,0.000000,268.756530,0.239037,-1.311550
8.000000,0.300000,0.000996,277.544683,0.241290,-1.266364
8.250000,0.300000,0.007239,285.386376,0.241337,-1.241427
8.500000,0.300000,0.000000,294.352343,0.243804,-1.191666
8.750000,0.300000,0.000969,302.981253,0.245349,-1.152221
9.000000,0.300000,0.000311,311.506173,0.246384,-1.124447
9.250000,0.300000,0.000574,319.888432,0.247270,-1.092948
9.500000,0.300000,0.000974,328.456841,0.248364,-1.060772
9.750000,0.300000,0.000000,337.407091,0.249800,-1.031450
10.000000,0.300000,0.000000,346.075184,0.250788,-1.004037
0.250000,0.400000,0.487012,18.518616,0.468084,-0.000000
0.500000,0.400000,0.740514,51.400244,1.119050,-4.998890
0.750000,0.400000,1.173462,240.000000,-0.523599,-4.062631
1.000000,0.400000,0.977633,125.883335,-0.412571,-5.000000
1.250000,0.400000,0.948856,72.127952,-0.178274,-5.000000
1.500000,0.400000,0.131607,75.481477,-0.063611,-4.994353
1.750000,0.400000,0.007938,81.692723,0.019473,-4.674025
2.000000,0.400000,0.000000,88.957461,0.080955,-4.276980
2.250000,0.400000,0.000000,96.867316,0.130775,-3.885504
2.500000,0.400000,0.000000,104.301510,0.168517,-3.564876
2.750000,0.400000,0.000000,111.512574,0.197795,-3.296915
3.000000,0.400000,0.004577,118.859457,0.218518,-3.086420
3.250000,0.400000,0.004282,127.111111,0.238263,-2.860082
3.500000,0.400000,0.000000,134.733631,0.252920,-2.668622
3.750000,0.400000,0.000000,142.812736,0.265152,-2.504647
4.000000,0.400000,0.000000,151.011723,0.275399,-2.358049
4.250000,0.400000,0.000000,159.310360,0.284066,-2.226368
4.500000,0.400000,0.000000,167.693535,0.291459,-2.107589
4.750000,0.400000,0.000000,176.149440,0.297817,-1.999982
5.000000,0.400000,0.000000,184.668252,0.303324,-1.902124
5.250000,0.400000,0.000000,193.241815,0.308125,-1.812814
5.500000,0.400000,0.000000,201.865301,0.312337,-1.731012
5.750000,0.400000,0.000000,210.532485,0.316054,-1.655837
6.000000,0.400000,0.000000,219.243093,0.319356,-1.586521
6.250000,0.400000,0.000009,228.019848,0.322338,-1.522169
6.500000,0.400000,0.000000,236.763456,0.324925,-1.463156
6.750000,0.400000,0.000000,245.578374,0.327301,-1.407892
7.000000,0.400000,0.000000,254.423440,0.329448,-1.356441
7.250000,0.400000,0.000925,263.028807,0.331036,-1.313189
7.500000,0.400000,0.000000,272.199695,0.333172,-1.263420
7.750000,0.400000,0.000000,281.130798,0.334797,-1.221229
8.000000,0.400000,0.000214,290.297519,0.336476,-1.180321
8.250000,0.400000,0.000000,299.074747,0.337666,-1.144206
8.500000,0.400000,0.000000,308.087337,0.338938,-1.108963
8.750000,0.400000,0.000890,316.680384,0.339755,-1.078723
9.000000,0.400000,0.000000,326.193083,0.341217,-1.044123
9.250000,0.400000,0.000960,334.776406,0.341883,-1.016232
9.500000,0.400000,0.000942,343.963420,0.342859,-0.988035
9.750000,0.400000,0.000555,353.728395,0.344278,-0.956790
10.000000,0.400000,0.000876,362.798354,0.345076,-0.931642
0.250000,0.500000,0.680821,22.344986,1.207700,-2.017601
0.500000,0.500000,1.033643,49.721202,1.171858,-4.857573
0.750000,0.500000,1.221340,240.000000,-0.473683,-4.363368
1.000000,0.500000,1.104653,122.830015,-0.235959,-5.000000
1.250000,0.500000,0.536093,74.654891,-0.045793,-5.000000
1.500000,0.500000,0.008858,78.222222,0.030708,-5.000000
1.750000,0.500000,0.000000,86.621798,0.118263,-4.468910
2.000000,0.500000,0.009151,94.814815,0.178446,-4.076360
2.250000,0.500000,0.009097,102.902606,0.226883,-3.703704
2.500000,0.500000,0.000000,110.397340,0.265876,-3.360003
2.750000,0.500000,0.000000,117.971493,0.293951,-3.102091
3.000000,0.500000,0.000000,125.902470,0.315425,-2.875958
3.250000,0.500000,0.000000,134.083377,0.332693,-2.677494
3.500000,0.500000,0.000997,142.240512,0.346672,-2.499577
3.750000,0.500000,0.000000,150.998742,0.358335,-2.346670
4.000000,0.500000,0.009173,160.279901,0.369518,-2.181070
4.250000,0.500000,0.000000,168.449349,0.376103,-2.083522
4.500000,0.500000,0.000000,177.321818,0.382991,-1.971505
4.750000,0.500000,0.000000,186.275965,0.388886,-1.870159
5.000000,0.500000,0.018093,197.184810,0.395783,-1.760585
5.250000,0.500000,0.000636,204.747342,0.398723,-1.691085
5.500000,0.500000,0.000000,213.530296,0.402240,-1.617315
5.750000,0.500000,0.009351,224.247089,0.406866,-1.535630
6.000000,0.500000,0.000000,231.966832,0.408633,-1.481709
6.250000,0.500000,0.000042,241.362633,0.411382,-1.420927
6.500000,0.500000,0.002044,251.083676,0.414166,-1.358025
6.750000,0.500000,0.000982,260.197531,0.416102,-1.309125
7.000000,0.500000,0.000000,269.360268,0.417760,-1.265870
7.250000,0.500000,0.000670,278.410608,0.419294,-1.220977
7.500000,0.500000,0.000502,287.901235,0.420890,-1.180841
7.750000,0.500000,0.000507,297.611340,0.422486,-1.137657
8.000000,0.500000,0.000223,307.684261,0.424062,-1.100554
8.250000,0.500000,0.005128,318.569803,0.425900,-1.060659
8.500000,0.500000,0.000000,326.580638,0.426260,-1.033725
8.750000,0.500000,0.000000,336.244296,0.427312,-1.002468
9.000000,0.500000,0.000000,345.944564,0.428291,-0.972873
9.250000,0.500000,0.000000,355.681440,0.429203,-0.944811
9.500000,0.500000,0.000000,365.458193,0.430058,-0.918148
9.750000,0.500000,0.000000,375.270032,0.430859,-0.892803
10.000000,0.500000,0.000017,385.236121,0.431653,-0.868358
0.250000,0.600000,0.856520,23.265898,1.218802,-2.222222
0.500000,0.600000,1.477105,49.027060,1.215848,-4.865682
0.750000,0.600000,1.215062,231.901428,-0.039481,-3.634878
1.000000,0.600000,0.879047,118.942738,-0.077189,-5.000000
1.250000,0.600000,0.169476,86.405147,0.048354,-4.968497
1.500000,0.600000,0.023519,88.965937,0.143539,-4.593773
1.750000,0.600000,0.001799,96.444444,0.219782,-4.173525
2.000000,0.600000,0.000000,104.171480,0.279022,-3.783710
2.250000,0.600000,0.000000,111.008642,0.323709,-3.450401
2.500000,0.600000,0.000000,118.523851,0.358042,-3.164835
2.750000,0.600000,0.000000,126.569590,0.384298,-2.917477
3.000000,0.600000,0.000000,135.005785,0.404500,-2.702005
3.250000,0.600000,0.000000,143.730765,0.420645,-2.513365
3.500000,0.600000,0.000000,152.680510,0.433724,-2.347278
3.750000,0.600000,0.000000,161.809304,0.444452,-2.200194
4.000000,0.600000,0.000000,171.087441,0.453351,-2.069203
4.250000,0.600000,0.000000,180.489079,0.460810,-1.951935
4.500000,0.600000,0.000000,189.996012,0.467120,-1.846423
4.750000,0.600000,0.000000,199.594755,0.472504,-1.751057
5.000000,0.600000,0.000000,209.277137,0.477136,-1.664462
5.250000,0.600000,0.000000,219.030842,0.481148,-1.585530
5.500000,0.600000,0.000000,228.852332,0.484649,-1.513302
5.750000,0.600000,0.000046,238.888175,0.487802,-1.446226
6.000000,0.600000,0.000000,248.674677,0.490435,-1.385878
6.250000,0.600000,0.000000,258.671681,0.492846,-1.329406
6.500000,0.600000,0.000000,268.709913,0.494993,-1.277100
6.750000,0.600000,0.007056,281.105790,0.497849,-1.219952
7.000000,0.600000,0.000000,288.951972,0.498661,-1.183140
7.250000,0.600000,0.000000,299.148804,0.500236,-1.140801
7.500000,0.600000,0.000000,309.390436,0.501668,-1.101173
7.750000,0.600000,0.000000,319.679543,0.502975,-1.063989
8.000000,0.600000,0.000000,330.017411,0.504173,-1.029029
8.250000,0.600000,0.010247,343.862473,0.506298,-0.987283
8.500000,0.600000,0.000000,350.847360,0.506296,-0.965015
8.750000,0.600000,0.000010,361.438969,0.507269,-0.935389
9.000000,0.600000,0.009591,375.563666,0.509067,-0.899844
9.250000,0.600000,0.000000,382.454445,0.508934,-0.881435
9.500000,0.600000,0.000000,393.094986,0.509700,-0.856372
9.750000,0.600000,0.000000,403.789232,0.510419,-0.832533
10.000000,0.600000,0.000475,415.457695,0.511300,-0.808197
0.250000,0.700000,1.081628,25.210378,1.200305,-2.612331
0.500000,0.700000,2.307748,43.586665,-0.011623,-2.684281
0.750000,0.700000,0.603112,240.000000,-0.037121,-4.179241
1.000000,0.700000,0.480593,132.751769,0.022346,-5.000000
1.250000,0.700000,0.008708,105.926578,0.130773,-4.884132
1.500000,0.700000,0.000000,104.808783,0.234247,-4.407695
1.750000,0.700000,0.000000,108.525280,0.312442,-3.955862
2.000000,0.700000,0.000000,114.305199,0.369424,-3.576899
2.250000,0.700000,0.003459,122.271605,0.413615,-3.230453
2.500000,0.700000,0.000000,129.312156,0.444118,-2.982418
2.750000,0.700000,0.000000,137.926474,0.468173,-2.745739
3.000000,0.700000,0.000000,146.996089,0.486853,-2.540762
3.250000,0.700000,0.000000,156.404135,0.501705,-2.361788
3.500000,0.700000,0.000000,166.073017,0.513683,-2.204549
3.750000,0.700000,0.000000,175.951389,0.523472,-2.065522
4.000000,0.700000,0.000000,186.002452,0.531568,-1.941854
4.250000,0.700000,0.000000,196.198523,0.538337,-1.831224
4.500000,0.700000,0.000421,206.123457,0.543789,-1.736397
4.750000,0.700000,0.000876,217.713763,0.549317,-1.636141
5.000000,0.700000,0.000000,227.472082,0.553097,-1.560362
5.250000,0.700000,0.000001,238.109224,0.556722,-1.485961
5.500000,0.700000,0.000000,248.778435,0.559863,-1.418074
5.750000,0.700000,0.000967,260.014632,0.562676,-1.358152
6.000000,0.700000,0.000977,269.417467,0.564805,-1.299218
6.250000,0.700000,0.000000,281.303456,0.567227,-1.245038
6.500000,0.700000,0.000775,293.073617,0.569327,-1.196083
6.750000,0.700000,0.000987,303.950617,0.571130,-1.145108
7.000000,0.700000,0.000787,313.876543,0.572253,-1.111492
7.250000,0.700000,0.000966,326.465478,0.574115,-1.062973
7.500000,0.700000,0.000007,336.959436,0.575169,-1.030026
7.750000,0.700000,0.012464,353.508618,0.577430,-0.985049
8.000000,0.700000,0.002365,361.888340,0.577876,-0.958074
8.250000,0.700000,0.000000,370.958305,0.578380,-0.931357
8.500000,0.700000,0.002963,385.308364,0.579822,-0.897537
8.750000,0.700000,0.000000,394.019162,0.580137,-0.874478
9.000000,0.700000,0.000000,405.667102,0.580926,-0.848292
9.250000,0.700000,0.000000,417.382532,0.581661,-0.823458
9.500000,0.700000,0.000000,429.197261,0.582353,-0.799834
9.750000,0.700000,0.000205,441.915397,0.583128,-0.776336
10.000000,0.700000,0.000000,452.979496,0.583603,-0.756046
0.250000,0.800000,1.304303,26.666667,1.197434,-2.908093
0.500000,0.800000,2.683042,49.606477,-0.024286,-3.140569
0.750000,0.800000,0.283275,239.995139,-0.033454,-4.712501
1.000000,0.800000,0.230155,169.322799,0.100462,-4.969231
1.250000,0.800000,0.001330,125.761317,0.219781,-4.693861
1.500000,0.800000,0.000000,120.584351,0.324818,-4.188610
1.750000,0.800000,0.000000,122.791855,0.400006,-3.750367
2.000000,0.800000,0.000000,128.167798,0.453952,-3.384282
2.250000,0.800000,0.000000,135.377179,0.493644,-3.075813
2.500000,0.800000,0.000000,143.774544,0.523286,-2.813345
2.750000,0.800000,0.000897,152.481024,0.544676,-2.597038
3.000000,0.800000,0.000000,162.887360,0.562292,-2.392456
3.250000,0.800000,0.000000,173.137008,0.575794,-2.222634
3.500000,0.800000,0.000000,183.707880,0.586649,-2.073647
3.750000,0.800000,0.000000,194.533721,0.595496,-1.942077
4.000000,0.800000,0.000000,205.568631,0.602796,-1.825154
4.250000,0.800000,0.005316,214.167353,0.607873,-1.735254
4.500000,0.800000,0.000000,228.143113,0.614022,-1.626744
4.750000,0.800000,0.000062,239.981781,0.618484,-1.540905
5.000000,0.800000,0.000000,251.258831,0.622137,-1.464996
5.250000,0.800000,0.000000,262.984304,0.625376,-1.394919
5.500000,0.800000,0.000874,273.496113,0.627850,-1.335543
5.750000,0.800000,0.003114,283.950617,0.630043,-1.278006
6.000000,0.800000,0.009909,295.506173,0.631914,-1.234568
6.250000,0.800000,0.000978,310.272824,0.634737,-1.165176
6.500000,0.800000,0.000499,322.271605,0.636363,-1.121399
6.750000,0.800000,0.047729,327.603168,0.636143,-1.111111
7.000000,0.800000,0.016261,340.148148,0.638080,-1.049796
7.250000,0.800000,0.000004,360.348468,0.640734,-1.000199
7.500000,0.800000,0.000082,373.382981,0.641953,-0.964431
7.750000,0.800000,0.000000,385.409401,0.642909,-0.932287
8.000000,0.800000,0.014246,407.245059,0.645030,-0.890665
8.250000,0.800000,0.000860,413.215206,0.645045,-0.869586
8.500000,0.800000,0.002643,428.003665,0.646071,-0.840210
8.750000,0.800000,0.000000,436.923586,0.646336,-0.818481
9.000000,0.800000,0.000000,450.049970,0.647043,-0.793811
9.250000,0.800000,0.000000,463.319399,0.647708,-0.770380
9.500000,0.800000,0.000000,476.618349,0.648323,-0.748177
9.750000,0.800000,0.000000,490.053217,0.648903,-0.727041
10.000000,0.800000,0.000000,503.611431,0.649451,-0.706898
0.250000,0.900000,1.523697,27.748842,1.203829,-3.137668
0.500000,0.900000,2.289038,49.037264,-0.024484,-3.513071
0.750000,0.900000,1.922725,239.972120,0.007896,-4.968134
1.000000,0.900000,0.078695,256.365788,0.174299,-4.917695
1.250000,0.900000,0.000000,158.217533,0.306510,-4.502279
1.500000,0.900000,0.009284,144.000000,0.413686,-3.941218
1.750000,0.900000,0.000000,143.397228,0.481604,-3.559840
2.000000,0.900000,0.000000,147.648062,0.532025,-3.206175
2.250000,0.900000,0.000000,154.716617,0.568743,-2.909576
2.500000,0.900000,0.000000,163.569700,0.595503,-2.657603
2.750000,0.900000,0.000533,174.724602,0.615826,-2.437342
3.000000,0.900000,0.000000,184.329778,0.630912,-2.256532
3.250000,0.900000,0.000000,195.622588,0.643098,-2.095139
3.500000,0.900000,0.000000,207.328504,0.652868,-1.953759
3.750000,0.900000,0.000000,219.359833,0.660812,-1.829042
4.000000,0.900000,0.000000,231.662399,0.667358,-1.718293
4.250000,0.900000,0.000000,244.190893,0.672813,-1.619373
4.500000,0.900000,0.000000,256.912602,0.677405,-1.530535
4.750000,0.900000,0.010519,276.944462,0.682487,-1.436952
5.000000,0.900000,0.000390,284.241013,0.684880,-1.375186
5.250000,0.900000,0.005869,301.797071,0.688399,-1.302212
5.500000,0.900000,0.000007,309.604585,0.690092,-1.250510
5.750000,0.900000,0.000000,322.914713,0.692274,-1.195175
6.000000,0.900000,0.000000,336.456814,0.694212,-1.144042
6.250000,0.900000,0.000000,350.174340,0.695938,-1.096750
6.500000,0.900000,0.000000,364.016786,0.697478,-1.052930
6.750000,0.900000,0.000033,378.513313,0.698918,-1.011669
7.000000,0.900000,0.000001,392.154574,0.700113,-0.974188
7.250000,0.900000,0.000000,406.276305,0.701231,-0.938863
7.500000,0.900000,0.000019,421.053355,0.702301,-0.905304
7.750000,0.900000,0.000000,435.063751,0.703195,-0.874602
8.000000,0.900000,0.000000,449.659371,0.704056,-0.845361
8.250000,0.900000,0.004600,472.577912,0.705505,-0.812021
8.500000,0.900000,0.000982,476.984064,0.705400,-0.791685
8.750000,0.900000,0.000476,495.454099,0.706319,-0.766892
9.000000,0.900000,0.000244,509.618904,0.706927,-0.744401
9.250000,0.900000,0.000748,523.504795,0.707451,-0.720694
9.500000,0.900000,0.000879,539.381981,0.707974,-0.700262
9.750000,0.900000,0.000366,553.798691,0.708452,-0.682596
10.000000,0.900000,0.000601,569.209093,0.708913,-0.664476
0.250000,1.000000,1.747656,28.451237,1.219750,-3.294429
0.500000,1.000000,2.006921,49.253351,-0.024253,-3.882373
0.750000,1.000000,2.158654,236.510497,0.077665,-4.989916
1.000000,1.000000,0.053247,290.745225,0.239623,-4.911584
1.250000,1.000000,0.006809,204.095546,0.387805,-4.331663
1.500000,1.000000,0.000000,183.955521,0.489995,-3.797135
1.750000,1.000000,0.000000,174.925912,0.556813,-3.383760
2.000000,1.000000,0.000000,176.288524,0.603483,-3.042004
2.250000,1.000000,0.002048,186.336729,0.637981,-2.745654
2.500000,1.000000,0.001328,194.616709,0.661686,-2.506607
2.750000,1.000000,0.000000,202.386592,0.679124,-2.309035
3.000000,1.000000,0.000000,214.215501,0.693045,-2.131980
3.250000,1.000000,0.019573,239.523322,0.705874,-1.953446
3.500000,1.000000,0.000000,239.930150,0.712746,-1.843989
3.750000,1.000000,0.000000,253.529349,0.719857,-1.725509
4.000000,1.000000,0.083740,299.837570,0.729144,-1.576213
4.250000,1.000000,0.000000,281.767328,0.730577,-1.526606
4.500000,1.000000,0.000931,299.160494,0.735055,-1.436900
4.750000,1.000000,0.001488,307.127572,0.737694,-1.371742
5.000000,1.000000,0.000000,326.071213,0.741137,-1.297551
5.250000,1.000000,0.009976,330.814815,0.742533,-1.249344
5.500000,1.000000,0.000000,356.663333,0.745957,-1.177506
5.750000,1.000000,0.000000,372.221633,0.747921,-1.124927
6.000000,1.000000,0.059436,362.666667,0.746881,-1.111111
6.250000,1.000000,0.086414,370.370349,0.747690,-1.065640
6.500000,1.000000,0.015739,439.111111,0.753869,-0.976985
6.750000,1.000000,0.001783,442.666667,0.754237,-0.947772
7.000000,1.000000,0.007978,439.703704,0.753962,-0.924213
7.250000,1.000000,0.022212,495.500314,0.757397,-0.868511
7.500000,1.000000,0.001458,480.000000,0.756442,-0.854582
7.750000,1.000000,0.003353,493.732053,0.757076,-0.827787
8.000000,1.000000,0.002328,512.000000,0.757958,-0.798272
8.250000,1.000000,0.000000,537.934097,0.759160,-0.768161
8.500000,1.000000,0.003743,544.000000,0.759207,-0.748582
8.750000,1.000000,0.000000,573.442844,0.760432,-0.720405
9.000000,1.000000,0.005870,576.000000,0.760248,-0.704406
9.250000,1.000000,0.007257,592.000000,0.760705,-0.684104
9.500000,1.000000,0.000000,628.355340,0.762040,-0.657837
9.750000,1.000000,0.006495,667.331571,0.763254,-0.632886
10.000000,1.000000,0.003282,680.956889,0.763487,-0.616815
0.250000,1.100000,2.283083,34.880900,1.108405,-4.571389
0.500000,1.100000,1.892200,49.993069,-0.023600,-4.248479
0.750000,1.100000,2.585601,237.439735,0.139199,-4.993924
1.000000,1.100000,0.221898,318.419753,0.303488,-4.896103
1.250000,1.100000,0.002155,360.167818,0.468268,-4.133033
1.500000,1.100000,0.000001,259.134494,0.563509,-3.622908
1.750000,1.100000,0.000000,227.904800,0.625576,-3.221151
2.000000,1.100000,0.000000,221.591413,0.668476,-2.890811
2.250000,1.100000,0.000000,225.156196,0.698771,-2.615511
2.500000,1.100000,0.000000,233.765467,0.720400,-2.383739
2.750000,1.100000,0.000762,248.246914,0.736917,-2.184499
3.000000,1.100000,0.000000,257.994651,0.749147,-2.017886
3.250000,1.100000,0.000000,272.158401,0.758960,-1.871335
3.500000,1.100000,0.000000,287.119916,0.766791,-1.743357
3.750000,1.100000,0.006250,315.417114,0.774115,-1.618717
4.000000,1.100000,0.007933,333.855109,0.779431,-1.517976
4.250000,1.100000,0.000033,336.584861,0.782778,-1.440825
4.500000,1.100000,0.000000,352.732902,0.786365,-1.361598
4.750000,1.100000,0.000006,370.553730,0.789494,-1.289201
5.000000,1.100000,0.000437,387.590327,0.792057,-1.225219
5.250000,1.100000,0.000968,404.948405,0.794276,-1.167577
5.500000,1.100000,0.095316,499.753086,0.799728,-1.065386
5.750000,1.100000,0.024517,479.308642,0.799778,-1.045572
6.000000,1.100000,0.000996,466.041152,0.799874,-1.015216
6.250000,1.100000,0.001434,489.437586,0.801499,-0.967840
6.500000,1.100000,0.004426,485.365036,0.801582,-0.940659
6.750000,1.100000,0.000000,519.784611,0.803416,-0.896588
7.000000,1.100000,0.001719,529.494894,0.803965,-0.867076
7.250000,1.100000,0.005330,541.333333,0.804539,-0.837440
7.500000,1.100000,0.000000,580.503573,0.806133,-0.801339
7.750000,1.100000,0.000445,606.165524,0.807056,-0.772875
8.000000,1.100000,0.000946,616.237769,0.807322,-0.750775
8.250000,1.100000,0.009496,615.275720,0.807207,-0.731596
8.500000,1.100000,0.000000,665.894611,0.808815,-0.699583
8.750000,1.100000,0.002001,703.993279,0.809800,-0.674080
9.000000,1.100000,0.000027,712.414895,0.809932,-0.656486
9.250000,1.100000,0.000822,744.503756,0.810641,-0.634986
9.500000,1.100000,0.000000,756.829753,0.810822,-0.618495
9.750000,1.100000,0.000000,780.503497,0.811250,-0.600722
10.000000,1.100000,0.000000,804.830423,0.811659,-0.583755
0.250000,1.200000,2.659986,17.182709,0.966490,-0.095798
0.500000,1.200000,2.000989,51.060105,-0.022566,-4.611273
0.750000,1.200000,3.057302,240.000000,0.197473,-5.000000
1.000000,1.200000,0.579488,320.000000,0.370886,-4.817101
1.250000,1.200000,0.087606,400.000000,0.533063,-4.044093
1.500000,1.200000,0.000024,456.785409,0.630888,-3.460734
1.750000,1.200000,0.044637,516.413570,0.692938,-3.010327
2.000000,1.200000,0.000002,302.172018,0.727331,-2.751815
2.250000,1.200000,0.000103,300.729524,0.754608,-2.483403
2.500000,1.200000,0.000045,304.922780,0.774037,-2.262082
2.750000,1.200000,0.000000,313.668792,0.788542,-2.074862
3.000000,1.200000,0.006133,349.819139,0.800807,-1.899236
3.250000,1.200000,0.009784,319.703704,0.807206,-1.790123
3.500000,1.200000,0.000631,358.852317,0.815400,-1.652964
3.750000,1.200000,0.026908,433.008608,0.823190,-1.519133
4.000000,1.200000,0.000390,404.104827,0.826118,-1.445726
4.250000,1.200000,0.000000,418.465677,0.829758,-1.363605
4.500000,1.200000,0.000000,439.353535,0.833022,-1.287500
4.750000,1.200000,0.000037,462.427208,0.835855,-1.218233
5.000000,1.200000,0.000818,476.887452,0.838025,-1.157703
5.250000,1.200000,0.000478,506.112693,0.840194,-1.102401
5.500000,1.200000,0.000675,530.421322,0.842096,-1.045819
5.750000,1.200000,0.046972,653.683524,0.845835,-0.977847
6.000000,1.200000,0.010340,618.521146,0.846022,-0.947415
6.250000,1.200000,0.000000,598.279869,0.846162,-0.917728
6.500000,1.200000,0.000000,622.631699,0.847254,-0.880570
6.750000,1.200000,0.000007,649.031091,0.848274,-0.845697
7.000000,1.200000,0.000000,673.396166,0.849137,-0.813816
7.250000,1.200000,0.000008,697.974865,0.849916,-0.784066
7.500000,1.200000,0.000000,725.844073,0.850684,-0.755726
7.750000,1.200000,0.000799,761.189580,0.851563,-0.727597
8.000000,1.200000,0.074501,992.066754,0.854603,-0.680661
8.250000,1.200000,0.000564,822.921588,0.852804,-0.679398
8.500000,1.200000,0.024139,950.994633,0.854608,-0.646478
8.750000,1.200000,0.015790,959.733954,0.854819,-0.628431
9.000000,1.200000,0.006129,954.334299,0.854831,-0.612784
9.250000,1.200000,0.001818,959.218649,0.854925,-0.597033
9.500000,1.200000,0.000033,963.481472,0.854976,-0.582227
9.750000,1.200000,0.000001,992.464955,0.855325,-0.565696
10.000000,1.200000,0.000176,1014.330062,0.855559,-0.550700
0.250000,1.300000,2.616923,17.162215,1.022607,-0.025210
0.500000,1.300000,2.389705,52.344559,-0.021992,-4.973327
0.750000,1.300000,3.639956,239.972120,0.255845,-4.988706
1.000000,1.300000,1.039632,320.000000,0.438179,-4.708643
1.250000,1.300000,0.311468,400.000000,0.592974,-3.959143
1.500000,1.300000,0.061555,480.000000,0.685650,-3.384961
1.750000,1.300000,0.055184,361.182182,0.739816,-2.993292
2.000000,1.300000,0.011010,396.833117,0.778568,-2.647685
2.250000,1.300000,0.006059,393.257146,0.803418,-2.383281
2.500000,1.300000,0.013002,532.298532,0.823901,-2.129626
2.750000,1.300000,0.009069,391.250582,0.834021,-1.988966
3.000000,1.300000,0.001059,472.975230,0.845839,-1.811306
3.250000,1.300000,0.001423,492.541894,0.853759,-1.676943
3.500000,1.300000,0.004473,454.745723,0.858702,-1.576091
3.750000,1.300000,0.067977,752.382380,0.867691,-1.425143
4.000000,1.300000,0.000012,533.378196,0.868746,-1.373369
4.250000,1.300000,0.001124,541.156672,0.871853,-1.296235
4.500000,1.300000,0.006445,644.136571,0.876091,-1.209561
4.750000,1.300000,0.001110,593.831538,0.877250,-1.158108
5.000000,1.300000,0.000268,632.308801,0.879571,-1.096945
5.250000,1.300000,0.005360,625.296288,0.880742,-1.049244
5.500000,1.300000,0.002330,741.223813,0.883725,-0.987183
5.750000,1.300000,0.000821,722.207231,0.884363,-0.949496
6.000000,1.300000,0.000517,749.295684,0.885608,-0.907315
6.250000,1.300000,0.099552,1269.960101,0.890152,-0.835044
6.500000,1.300000,0.048949,1115.227123,0.890202,-0.810490
6.750000,1.300000,0.019326,1027.653762,0.890255,-0.786406
7.000000,1.300000,0.004103,971.612419,0.890279,-0.763253
7.250000,1.300000,0.000001,940.244728,0.890339,-0.740554
7.500000,1.300000,0.000732,948.886388,0.890706,-0.716317
7.750000,1.300000,0.004577,945.740713,0.890880,-0.694655
8.000000,1.300000,0.001824,1007.507717,0.891720,-0.669051
8.250000,1.300000,0.007296,1001.248693,0.891785,-0.650274
8.500000,1.300000,0.000958,1099.656547,0.892862,-0.625070
8.750000,1.300000,0.000001,1183.465286,0.893647,-0.602862
9.000000,1.300000,0.000329,1201.585177,0.893879,-0.585694
9.250000,1.300000,0.003096,1194.940376,0.893895,-0.570814
9.500000,1.300000,0.008084,1193.839730,0.893922,-0.556393
9.750000,1.300000,0.015117,1195.193744,0.893939,-0.542644
10.000000,1.300000,0.023764,1199.439105,0.893956,-0.529431
0.250000,1.400000,2.724027,17.169139,1.060646,-0.000000
0.500000,1.400000,7.145934,53.688408,0.036630,-4.993141
0.750000,1.400000,4.365546,235.133619,0.315844,-4.946835
1.000000,1.400000,1.557072,320.000000,0.502137,-4.598721
1.250000,1.400000,0.630104,400.000000,0.649096,-3.867330
1.500000,1.400000,0.244347,480.000000,0.735928,-3.307549
1.750000,1.400000,0.086830,560.000000,0.790193,-2.877078
2.000000,1.400000,0.069945,488.526484,0.823613,-2.562473
2.250000,1.400000,0.026376,557.309879,0.847463,-2.289951
2.500000,1.400000,0.026648,533.405407,0.863437,-2.081357
2.750000,1.400000,0.017007,564.741824,0.875809,-1.899444
3.000000,1.400000,0.000676,797.349266,0.886976,-1.723922
3.250000,1.400000,0.031326,548.732980,0.891374,-1.626293
3.500000,1.400000,0.008149,651.564486,0.898171,-1.501074
3.750000,1.400000,0.074032,528.605101,0.900320,-1.425507
4.000000,1.400000,0.026113,634.917718,0.905568,-1.323829
4.250000,1.400000,0.017614,1170.079822,0.912237,-1.209187
4.500000,1.400000,0.004360,798.719246,0.912512,-1.164801
4.750000,1.400000,0.029342,717.860059,0.913419,-1.113785
5.000000,1.400000,0.037433,730.399641,0.915045,-1.059067
5.250000,1.400000,0.054443,728.714038,0.916178,-1.011092
5.500000,1.400000,0.011807,893.371041,0.919215,-0.951527
5.750000,1.400000,0.001724,1035.553074,0.921277,-0.901871
6.000000,1.400000,0.016699,946.569192,0.921352,-0.870670
6.250000,1.400000,0.040638,899.240749,0.921447,-0.840562
6.500000,1.400000,0.062914,885.175441,0.921710,-0.810649
6.750000,1.400000,0.071738,904.814374,0.922301,-0.780335
7.000000,1.400000,0.089145,911.279817,0.922632,-0.753224
7.250000,1.400000,0.044160,2311.372047,0.928940,-0.675964
7.500000,1.400000,0.006565,1308.641975,0.926639,-0.682399
7.750000,1.400000,0.015458,1994.130163,0.929227,-0.637860
8.000000,1.400000,0.032034,2534.716049,0.930343,-0.610425
8.250000,1.400000,0.023078,2569.382716,0.930634,-0.595438
8.500000,1.400000,0.016160,2498.370370,0.930822,-0.578418
8.750000,1.400000,0.007350,2321.810700,0.930821,-0.563176
9.000000,1.400000,0.009140,2111.802469,0.930576,-0.546792
9.250000,1.400000,0.006153,2066.518519,0.930842,-0.531550
9.500000,1.400000,0.008547,2021.037037,0.930842,-0.524691
9.750000,1.400000,0.007115,1974.074074,0.930842,-0.508688
10.000000,1.400000,0.006530,2241.097394,0.931374,-0.496494
0.250000,1.500000,2.901981,17.150638,1.089815,-0.000000
0.500000,1.500000,7.680677,53.535844,0.093053,-4.998387
0.750000,1.500000,4.996739,233.433205,0.370985,-4.927556
1.000000,1.500000,2.102166,320.000000,0.562534,-4.486535
1.250000,1.500000,1.012930,400.000000,0.701178,-3.771815
1.500000,1.500000,0.516502,480.000000,0.782176,-3.225964
1.750000,1.500000,0.278974,560.000000,0.832583,-2.806709
2.000000,1.500000,0.161506,640.000000,0.864533,-2.477915
2.250000,1.500000,0.098992,720.000000,0.886119,-2.215834
2.500000,1.500000,0.063108,800.000000,0.901569,-2.001404
2.750000,1.500000,0.046866,847.261685,0.912819,-1.825030
3.000000,1.500000,0.028427,960.000000,0.921677,-1.672582
3.250000,1.500000,0.036356,1040.000000,0.929002,-1.522634
3.500000,1.500000,0.019479,1055.814721,0.933525,-1.435510
3.750000,1.500000,0.045857,913.415638,0.936538,-1.358025
4.000000,1.500000,0.008480,1280.000000,0.941609,-1.250941
4.250000,1.500000,0.006831,1360.000000,0.944525,-1.175492
4.500000,1.500000,0.005714,1440.000000,0.946964,-1.108214
4.750000,1.500000,0.046637,1097.777778,0.947695,-1.049383
5.000000,1.500000,0.017407,1439.780521,0.950538,-0.987654
5.250000,1.500000,0.038322,1193.283951,0.950599,-0.960219
5.500000,1.500000,0.025247,1349.333333,0.952404,-0.909245
5.750000,1.500000,0.009530,1657.945643,0.954330,-0.861565
6.000000,1.500000,0.006338,1832.617056,0.955561,-0.822114
6.250000,1.500000,0.006921,1898.345096,0.956419,-0.787659
6.500000,1.500000,0.016453,1744.929624,0.956678,-0.759478
6.750000,1.500000,0.019877,1936.888889,0.957783,-0.720165
7.000000,1.500000,0.023561,1790.770919,0.957767,-0.703653
7.250000,1.500000,0.037476,1701.333333,0.957870,-0.680954
7.500000,1.500000,0.014533,2160.000000,0.959375,-0.649291
7.750000,1.500000,0.020669,2112.592593,0.959574,-0.629794
8.000000,1.500000,0.031464,2029.271148,0.959634,-0.611949
8.250000,1.500000,0.041540,1988.148148,0.959759,-0.592897
8.500000,1.500000,0.055666,1934.222222,0.959769,-0.576894
8.750000,1.500000,0.056446,2011.851852,0.960156,-0.558096
9.000000,1.500000,0.060859,2061.037037,0.960417,-0.541838
9.250000,1.500000,0.030415,2598.222222,0.961704,-0.518976
9.500000,1.500000,0.056906,2296.888889,0.961230,-0.509186
9.750000,1.500000,0.050883,2484.444444,0.961715,-0.493827
10.000000,1.500000,0.053995,2560.000000,0.961947,-0.480168
0.250000,1.600000,2.976638,17.507685,-0.511279,-0.061391
0.500000,1.600000,7.708214,39.761115,-0.519965,-2.283329
0.750000,1.600000,5.371603,240.000000,0.413065,-5.000000
1.000000,1.600000,2.656795,319.730109,0.619055,-4.373469
1.250000,1.600000,1.438053,400.000000,0.749145,-3.674792
1.500000,1.600000,0.853598,480.000000,0.824455,-3.142344
1.750000,1.600000,0.552324,560.000000,0.871039,-2.733976
2.000000,1.600000,0.392359,640.000000,0.899839,-2.414071
2.250000,1.600000,0.296765,720.000000,0.919548,-2.158671
2.500000,1.600000,0.235791,800.000000,0.933635,-1.949798
2.750000,1.600000,0.195125,880.000000,0.944044,-1.776151
3.000000,1.600000,0.167019,960.000000,0.951949,-1.629701
3.250000,1.600000,0.147043,1040.000000,0.958092,-1.504635
3.500000,1.600000,0.132552,1120.000000,0.962959,-1.396661
3.750000,1.600000,0.121894,1200.000000,0.966881,-1.302549
4.000000,1.600000,0.114006,1280.000000,0.970088,-1.219831
4.250000,1.600000,0.108179,1360.000000,0.972742,-1.146585
4.500000,1.600000,0.103930,1440.000000,0.974964,-1.081297
4.750000,1.600000,0.100920,1520.000000,0.976843,-1.022756
5.000000,1.600000,0.098907,1600.000000,0.978446,-0.969983
5.250000,1.600000,0.097716,1680.000000,0.979824,-0.922177
5.500000,1.600000,0.097219,1760.000000,0.981017,-0.878677
5.750000,1.600000,0.097319,1840.000000,0.982058,-0.838934
6.000000,1.600000,0.097946,1920.000000,0.982970,-0.802486
6.250000,1.600000,0.099045,2000.000000,0.983775,-0.768943
6.500000,1.600000,0.100575,2080.000000,0.984488,-0.737973
6.750000,1.600000,0.102506,2160.000000,0.985123,-0.709292
7.000000,1.600000,0.104815,2240.000000,0.985691,-0.682656
7.250000,1.600000,0.107485,2320.000000,0.986200,-0.657854
7.500000,1.600000,0.110506,2400.000000,0.986660,-0.634702
7.750000,1.600000,0.113870,2480.000000,0.987076,-0.613041
8.000000,1.600000,0.117571,2560.000000,0.987453,-0.592729
8.250000,1.600000,0.121609,2640.000000,0.987797,-0.573644
8.500000,1.600000,0.125984,2720.000000,0.988111,-0.555676
8.750000,1.600000,0.130698,2800.000000,0.988398,-0.538728
9.000000,1.600000,0.135754,2880.000000,0.988661,-0.522716
9.250000,1.600000,0.141159,2960.000000,0.988904,-0.507562
9.500000,1.600000,0.146918,3040.000000,0.989128,-0.493197
9.750000,1.600000,0.153040,3120.000000,0.989335,-0.479561
10.000000,1.600000,0.159531,3200.000000,0.989526,-0.466598
0.250000,1.700000,3.012543,17.724408,-0.496571,-0.122398
0.500000,1.700000,7.818602,40.008445,-0.481819,-2.335193
0.750000,1.700000,6.098110,237.371532,0.470406,-4.919737
1.000000,1.700000,3.205454,320.000000,0.671350,-4.262818
1.250000,1.700000,1.890405,400.000000,0.793028,-3.577725
1.500000,1.700000,1.237903,480.000000,0.862868,-3.058127
1.750000,1.700000,0.890636,560.000000,0.905229,-2.659743
2.000000,1.700000,0.697834,640.000000,0.931405,-2.348913
2.250000,1.700000,0.576928,720.000000,0.949296,-2.100145
2.500000,1.700000,0.496716,800.000000,0.962057,-1.896852
2.750000,1.700000,0.441289,880.000000,0.971472,-1.727962
3.000000,1.700000,0.401765,960.000000,0.978615,-1.585620
3.250000,1.700000,0.372912,1040.000000,0.984162,-1.464142
3.500000,1.700000,0.351502,1120.000000,0.988556,-1.359331
3.750000,1.700000,0.335464,1200.000000,0.992096,-1.268029
4.000000,1.700000,0.323421,1280.000000,0.994991,-1.187821
4.250000,1.700000,0.314432,1360.000000,0.997388,-1.116828
4.500000,1.700000,0.307836,1440.000000,0.999396,-1.053569
4.750000,1.700000,0.303159,1520.000000,1.001095,-0.996860
5.000000,1.700000,0.300052,1600.000000,1.002545,-0.945745
5.250000,1.700000,0.298259,1680.000000,1.003793,-0.899443
5.500000,1.700000,0.297583,1760.000000,1.004874,-0.857310
5.750000,1.700000,0.297875,1840.000000,1.005818,-0.818811
6.000000,1.700000,0.299021,1920.000000,1.006647,-0.783497
6.250000,1.700000,0.300930,2000.000000,1.007379,-0.750990
6.500000,1.700000,0.303534,2080.000000,1.008028,-0.720968
6.750000,1.700000,0.306776,2160.000000,1.008607,-0.693157
7.000000,1.700000,0.310614,2240.000000,1.009126,-0.667320
7.250000,1.700000,0.315014,2320.000000,1.009592,-0.643253
7.500000,1.700000,0.319949,2400.000000,1.010014,-0.620779
7.750000,1.700000,0.325399,2480.000000,1.010395,-0.599745
8.000000,1.700000,0.331348,2560.000000,1.010742,-0.580013
8.250000,1.700000,0.337786,2640.000000,1.011058,-0.561466
8.500000,1.700000,0.344703,2720.000000,1.011347,-0.543999
8.750000,1.700000,0.352095,2800.000000,1.011613,-0.527517
9.000000,1.700000,0.359960,2880.000000,1.011857,-0.511939
9.250000,1.700000,0.368295,2960.000000,1.012082,-0.497191
9.500000,1.700000,0.377103,3040.000000,1.012291,-0.483207
9.750000,1.700000,0.386386,3120.000000,1.012483,-0.469928
10.000000,1.700000,0.396147,3200.000000,1.012663,-0.457299
0.250000,1.800000,3.022792,18.042125,-0.499657,-0.238531
0.500000,1.800000,8.169016,40.481724,-0.436089,-2.641309
0.750000,1.800000,6.634827,239.995539,0.513321,-4.941513
1.000000,1.800000,3.745555,320.000000,0.719544,-4.153364
1.250000,1.800000,2.360400,400.000000,0.832902,-3.481509
1.500000,1.800000,1.657565,480.000000,0.897491,-2.974167
1.750000,1.800000,1.280634,560.000000,0.935562,-2.585471
2.000000,1.800000,1.065037,640.000000,0.959155,-2.283092
2.250000,1.800000,0.926336,720.000000,0.975218,-2.040850
2.500000,1.800000,0.832631,800.000000,0.986630,-1.843110
2.750000,1.800000,0.766888,880.000000,0.995024,-1.678997
3.000000,1.800000,0.719425,960.000000,1.001377,-1.540806
3.250000,1.800000,0.684441,1040.000000,1.006302,-1.422967
3.500000,1.800000,0.658301,1120.000000,1.010200,-1.321367
3.750000,1.800000,0.638635,1200.000000,1.013338,-1.232915
4.000000,1.800000,0.623849,1280.000000,1.015903,-1.155248
4.250000,1.800000,0.612835,1360.000000,1.018027,-1.086528
4.500000,1.800000,0.604809,1440.000000,1.019807,-1.025308
4.750000,1.800000,0.599199,1520.000000,1.021314,-0.970435
5.000000,1.800000,0.595582,1600.000000,1.022601,-0.920975
5.250000,1.800000,0.593643,1680.000000,1.023710,-0.876170
5.500000,1.800000,0.593138,1760.000000,1.024672,-0.835393
5.750000,1.800000,0.593879,1840.000000,1.025513,-0.798126
6.000000,1.800000,0.595723,1920.000000,1.026253,-0.763935
6.250000,1.800000,0.598552,2000.000000,1.026907,-0.732452
6.500000,1.800000,0.602277,2080.000000,1.027489,-0.703367
6.750000,1.800000,0.606825,2160.000000,1.028009,-0.676414
7.000000,1.800000,0.612138,2240.000000,1.028475,-0.651367
7.250000,1.800000,0.618170,2320.000000,1.028896,-0.628027
7.500000,1.800000,0.624882,2400.000000,1.029277,-0.606225
7.750000,1.800000,0.632246,2480.000000,1.029623,-0.585811
8.000000,1.800000,0.640238,2560.000000,1.029939,-0.566655
8.250000,1.800000,0.648840,2640.000000,1.030228,-0.548643
8.500000,1.800000,0.658036,2720.000000,1.030493,-0.531674
8.750000,1.800000,0.667818,2800.000000,1.030738,-0.515657
9.000000,1.800000,0.678175,2880.000000,1.030964,-0.500514
9.250000,1.800000,0.689104,2960.000000,1.031173,-0.486173
9.500000,1.800000,0.700601,3040.000000,1.031367,-0.472570
9.750000,1.800000,0.712665,3120.000000,1.031549,-0.459650
10.000000,1.800000,0.725297,3200.000000,1.031718,-0.447359
0.250000,1.900000,3.054475,17.920272,-0.476458,-0.231922
0.500000,1.900000,9.089217,37.606940,-0.394850,-2.835030
0.750000,1.900000,7.249224,240.000000,0.560303,-4.902861
1.000000,1.900000,4.273639,320.000000,0.763611,-4.046144
1.250000,1.900000,2.843325,400.000000,0.868810,-3.386541
1.500000,1.900000,2.106796,480.000000,0.928267,-2.890739
1.750000,1.900000,1.718808,560.000000,0.961764,-2.511525
2.000000,1.900000,1.490527,640.000000,0.982642,-2.216525
2.250000,1.900000,1.342721,720.000000,0.996696,-1.980598
2.500000,1.900000,1.242434,800.000000,1.006583,-1.788308
2.750000,1.900000,1.171906,880.000000,1.013794,-1.628935
3.000000,1.900000,1.120968,960.000000,1.019215,-1.494895
3.250000,1.900000,1.083488,1040.000000,1.023396,-1.380707
3.500000,1.900000,1.055599,1120.000000,1.026690,-1.282333
3.750000,1.900000,1.034770,1200.000000,1.029333,-1.196743
4.000000,1.900000,1.019288,1280.000000,1.031490,-1.121621
4.250000,1.900000,1.007964,1360.000000,1.033274,-1.055172
4.500000,1.900000,0.999945,1440.000000,1.034767,-0.995985
4.750000,1.900000,0.994614,1520.000000,1.036032,-0.942936
5.000000,1.900000,0.991510,1600.000000,1.037114,-0.895118
5.250000,1.900000,0.990287,1680.000000,1.038047,-0.851795
5.500000,1.900000,0.990680,1760.000000,1.038859,-0.812361
5.750000,1.900000,0.992482,1840.000000,1.039570,-0.776313
6.000000,1.900000,0.995534,1920.000000,1.040198,-0.743231
6.250000,1.900000,0.999708,2000.000000,1.040756,-0.712762
6.500000,1.900000,1.004902,2080.000000,1.041255,-0.684605
6.750000,1.900000,1.011037,2160.000000,1.041703,-0.658505
7.000000,1.900000,1.018045,2240.000000,1.042108,-0.634242
7.250000,1.900000,1.025876,2320.000000,1.042475,-0.611627
7.500000,1.900000,1.034486,2400.000000,1.042811,-0.590495
7.750000,1.900000,1.043842,2480.000000,1.043118,-0.570703
8.000000,1.900000,1.053915,2560.000000,1.043401,-0.552126
8.250000,1.900000,1.064683,2640.000000,1.043663,-0.534653
8.500000,1.900000,1.076128,2720.000000,1.043906,-0.518187
8.750000,1.900000,1.088238,2800.000000,1.044133,-0.502641
9.000000,1.900000,1.101001,2880.000000,1.044345,-0.487939
9.250000,1.900000,1.114410,2960.000000,1.044543,-0.474013
9.500000,1.900000,1.128458,3040.000000,1.044731,-0.460802
9.750000,1.900000,1.143144,3120.000000,1.044908,-0.448249
10.000000,1.900000,1.158464,3200.000000,1.045076,-0.436306
0.250000,2.000000,3.163233,17.933462,-0.453551,-0.222162
0.500000,2.000000,10.041880,35.660555,-0.364211,-2.878177
0.750000,2.000000,7.830778,240.000000,0.612406,-4.789120
1.000000,2.000000,4.790873,320.000000,0.803588,-3.941189
1.250000,2.000000,3.339911,400.000000,0.900657,-3.292660
1.500000,2.000000,2.591752,480.000000,0.954483,-2.807120
1.750000,2.000000,2.213184,560.000000,0.982968,-2.436073
2.000000,2.000000,1.988793,640.000000,1.000515,-2.147664
2.250000,2.000000,1.846099,720.000000,1.011957,-1.917521
2.500000,2.000000,1.751237,800.000000,1.019770,-1.730345
2.750000,2.000000,1.685985,880.000000,1.025321,-1.575512
3.000000,2.000000,1.639982,960.000000,1.029403,-1.445504
3.250000,2.000000,1.607041,1040.000000,1.032494,-1.334900
3.500000,2.000000,1.583310,1120.000000,1.034895,-1.239715
3.750000,2.000000,1.566296,1200.000000,1.036802,-1.156966
4.000000,2.000000,1.554337,1280.000000,1.038347,-1.084382
4.250000,2.000000,1.546286,1360.000000,1.039620,-1.020205
4.500000,2.000000,1.541338,1440.000000,1.040685,-0.963059
4.750000,2.000000,1.538910,1520.000000,1.041590,-0.911848
5.000000,2.000000,1.538576,1600.000000,1.042368,-0.865692
5.250000,2.000000,1.540017,1680.000000,1.043045,-0.823877
5.500000,2.000000,1.542990,1760.000000,1.043640,-0.785815
5.750000,2.000000,1.547309,1840.000000,1.044170,-0.751020
6.000000,2.000000,1.552830,1920.000000,1.044645,-0.719086
6.250000,2.000000,1.559440,2000.000000,1.045075,-0.689671
6.500000,2.000000,1.567049,2080.000000,1.045468,-0.662487
6.750000,2.000000,1.575585,2160.000000,1.045830,-0.637285
7.000000,2.000000,1.584992,2240.000000,1.046166,-0.613856
7.250000,2.000000,1.595224,2320.000000,1.046478,-0.592015
7.500000,2.000000,1.606244,2400.000000,1.046772,-0.571604
7.750000,2.000000,1.618022,2480.000000,1.047050,-0.552486
8.000000,2.000000,1.630534,2560.000000,1.047314,-0.534539
8.250000,2.000000,1.643762,2640.000000,1.047566,-0.517657
8.500000,2.000000,1.657691,2720.000000,1.047807,-0.501747
8.750000,2.000000,1.672309,2800.000000,1.048039,-0.486725
9.000000,2.000000,1.687607,2880.000000,1.048264,-0.472517
9.250000,2.000000,1.703579,2960.000000,1.048481,-0.459058
9.500000,2.000000,1.720220,3040.000000,1.048693,-0.446288
9.750000,2.000000,1.737528,3120.000000,1.048900,-0.434154
10.000000,2.000000,1.755501,3200.000000,1.049101,-0.422609
